{"cameraMode":{"drawMode":0,"name":"Shaded","section":"Shading Mode"},"sceneLighting":true,"audioPlay":false,"sceneViewState":{"m_AlwaysRefresh":false,"showFog":true,"showSkybox":true,"showFlares":true,"showImageEffects":true,"showParticleSystems":true,"showVisualEffectGraphs":true,"m_FxEnabled":true},"in2DMode":false,"pivot":{"x":1.5478274822235108,"y":0.6105847358703613,"z":0.6160725355148315},"rotation":{"x":-0.09981068223714829,"y":0.8406438827514648,"z":-0.16586893796920777,"w":-0.5058504939079285},"size":1.3808451890945435,"orthographic":false}